{
 "X": {
  "Status": "SUCCESS",
  "Name": "United States Steel Corp",
  "Symbol": "X",
  "LastPrice": 29.4,
  "Change": -0.520000000000003,
  "ChangePercent": -1.73796791443851,
  "Timestamp": "Fri Oct 5 16:00:32 UTC-04:00 2018",
  "MSDate": 43378.667037037,
  "MarketCap": 5210356200,
  "Volume": 6102720,
  "ChangeYTD": 35.19,
  "ChangePercentYTD": -16.4535379369139,
  "High": 29.84,
  "Low": 29.01,
  "Open": 29.62
 },
 "XAN": {
  "Status": "SUCCESS",
  "Name": "Exantas Capital Corp",
  "Symbol": "XAN",
  "LastPrice": 10.76,
  "Change": -0.0199999999999996,
  "ChangePercent": -0.185528756957324,
  "Timestamp": "Fri Oct 5 16:02:01 UTC-04:00 2018",
  "MSDate": 43378.6680671296,
  "MarketCap": 340629320,
  "Volume": 96772,
  "ChangeYTD": 9.37,
  "ChangePercentYTD": 14.8345784418357,
  "High": 10.84,
  "Low": 10.74,
  "Open": 10.77
 },
 "XEC": {
  "Status": "SUCCESS",
  "Name": "Cimarex Energy Co",
  "Symbol": "XEC",
  "LastPrice": 99.18,
  "Change": 1.06,
  "ChangePercent": 1.08030982470445,
  "Timestamp": "Fri Oct 5 16:02:50 UTC-04:00 2018",
  "MSDate": 43378.6686342593,
  "MarketCap": 9457408080,
  "Volume": 1726131,
  "ChangeYTD": 122.01,
  "ChangePercentYTD": -18.7115810179493,
  "High": 99.53,
  "Low": 97.02,
  "Open": 98.25
 },
 "XFLT": {
  "Status": "SUCCESS",
  "Name": "XAI Octagon Floating Rate & Alternative Income Term Trust",
  "Symbol": "XFLT",
  "LastPrice": 9.749,
  "Change": -0.000999999999999446,
  "ChangePercent": -0.0102564102564046,
  "Timestamp": "Fri Oct 5 15:07:55 UTC-04:00 2018",
  "MSDate": 43378.6304976852,
  "MarketCap": 81374903,
  "Volume": 8950,
  "ChangeYTD": 9.4,
  "ChangePercentYTD": 3.71276595744681,
  "High": 9.8711,
  "Low": 9.732,
  "Open": 9.8
 },
 "XHR": {
  "Status": "SUCCESS",
  "Name": "Xenia Hotels & Resorts Inc",
  "Symbol": "XHR",
  "LastPrice": 22.85,
  "Change": 0,
  "ChangePercent": 0,
  "Timestamp": "Fri Oct 5 16:02:01 UTC-04:00 2018",
  "MSDate": 43378.6680671296,
  "MarketCap": 2557577650,
  "Volume": 604596,
  "ChangeYTD": 21.59,
  "ChangePercentYTD": 5.83603520148217,
  "High": 22.97,
  "Low": 22.7,
  "Open": 22.87
 }
}